Column1;Mkt-RF;SMB;HML;RF
192607;296;-256;-243;22
192608;264;-117;382;25
192609;36;-140;13;23
192610;-324;-9;70;32
192611;253;-10;-51;31
192612;262;-3;-5;28
192701;-6;-37;454;25
192702;418;4;294;26
192703;13;-165;-261;30
192704;46;30;81;25
192705;544;153;473;30
192706;-234;59;-173;26
192707;726;-325;-114;30
192708;197;-69;-374;28
192709;476;-363;-63;21
192710;-431;212;-433;25
192711;658;272;-27;21
192712;209;97;-113;22
192801;-68;426;-75;25
192802;-170;-206;-65;33
192803;881;-26;-122;29
192804;423;398;344;22
192805;152;285;-327;32
192806;-485;-352;-3;31
192807;62;-132;-50;32
192808;668;-206;-215;32
192809;288;241;86;27
192810;133;222;-216;41
192811;1181;-178;270;38
192812;36;-86;-65;6
192901;466;-356;-124;34
192902;-34;-38;166;36
192903;-89;-471;158;34
192904;143;-97;59;36
192905;-639;-537;-142;44
192906;970;-217;-279;52
192907;446;-388;271;33
192908;818;-959;13;40
192909;-547;119;-65;35
192910;-2012;-401;778;46
192911;-1274;-172;505;37
192912;133;-450;-54;37
193001;561;355;-96;14
193002;250;19;20;30
193003;710;341;33;35
193004;-206;-35;-35;21
193005;-166;-201;-73;26
193006;-1627;-338;233;27
193007;412;-28;-175;20
193008;30;-210;-61;9
193009;-1275;-221;-496;22
193010;-878;-12;-138;9
193011;-304;223;-366;13
193012;-783;-460;-525;14
193101;624;345;712;15
193102;1088;359;192;4
193103;-643;298;-344;13
193104;-998;-445;-382;8
193105;-1324;535;-657;9
193106;1390;-532;1129;8
193107;-662;142;-211;6
193108;41;-195;-147;3
193109;-2913;54;-677;3
193110;804;-187;170;10
193111;-908;431;-504;17
193112;-1353;-55;-885;12
193201;-158;393;903;23
193202;546;-278;-146;23
193203;-1121;227;-232;16
193204;-1796;145;143;11
193205;-2051;391;-298;6
193206;-70;33;530;2
193207;3384;-459;3561;3
193208;3706;1341;3424;3
193209;-294;-208;-736;3
193210;-1317;-256;-1033;2
193211;-588;200;-1311;2
193212;440;-864;-772;1
193301;125;63;636;1
193302;-1524;-258;-295;-3
193303;329;379;754;4
193304;3885;307;1965;10
193305;2143;3656;1919;4
193306;1311;842;-178;2
193307;-963;-105;327;2
193308;1205;-539;300;3
193309;-1065;-40;-1174;2
193310;-836;-20;-857;1
193311;997;-647;232;2
193312;183;63;-156;2
193401;1260;1269;1559;5
193402;-250;510;200;2
193403;9;251;-270;2
193404;-179;273;-373;1
193405;-725;-29;-589;1
193406;264;-223;-296;1
193407;-1096;-695;-1070;1
193408;558;537;9;1
193409;-23;-152;-120;1
193410;-166;124;-508;1
193411;833;648;-215;1
193412;36;306;-314;1
193501;-345;107;-190;1
193502;-194;37;-744;2
193503;-368;-359;-512;1
193504;906;-147;447;1
193505;347;-334;265;1
193506;593;-257;-169;1
193507;751;188;693;1
193508;265;620;608;1
193509;263;153;-407;1
193510;703;272;-237;1
193511;488;454;1206;2
193512;456;17;95;1
193601;689;523;1034;1
193602;249;95;451;1
193603;99;69;-144;2
193604;-814;-606;-215;2
193605;519;91;261;2
193606;240;-320;-120;3
193607;667;100;240;1
193608;99;60;382;2
193609;98;308;90;1
193610;712;-243;247;2
193611;327;877;-121;1
193612;21;396;430;0
193701;335;434;261;1
193702;109;105;483;2
193703;-27;-169;650;1
193704;-736;-383;-366;3
193705;-83;-68;-348;6
193706;-421;-376;-333;3
193707;891;89;81;3
193708;-486;44;-225;2
193709;-1361;-698;-457;4
193710;-961;41;-155;2
193711;-831;-360;15;2
193712;-424;-774;-40;0
193801;49;484;-161;0
193802;584;40;-202;0
193803;-2382;-434;-354;-1
193804;1451;646;23;1
193805;-383;-251;-27;0
193806;2387;430;32;0
193807;734;664;220;-1
193808;-267;-245;-472;0
193809;81;-273;-162;2
193810;780;581;503;1
193811;-172;-257;-122;-6
193812;419;-182;53;0
193901;-596;-155;-394;-1
193902;351;63;295;1
193903;-1199;-475;-831;-1
193904;-18;167;-30;0
193905;680;280;49;1
193906;-531;-101;-542;1
193907;1024;432;-3;0
193908;-668;-461;-242;-1
193909;1688;2024;2222;1
193910;-53;-1;-489;0
193911;-362;-507;-646;0
193912;303;79;-406;0
194001;-241;21;-81;0
194002;144;251;-33;0
194003;205;125;-127;0
194004;22;392;-13;0
194005;-2195;-666;-369;-2
194006;667;-213;462;0
194007;316;101;-74;1
194008;219;-11;56;-1
194009;239;322;-113;0
194010;302;28;464;0
194011;-161;194;12;0
194012;69;-215;-89;0
194101;-417;100;383;-1
194102;-143;-156;89;-1
194103;84;10;304;1
194104;-546;-168;341;-1
194105;139;-65;60;0
194106;583;132;59;0
194107;587;571;725;3
194108;-17;-42;-110;1
194109;-87;-99;-28;1
194110;-525;-202;163;0
194111;-192;-121;-64;0
194112;-487;-299;-594;1
194201;79;753;1010;2
194202;-246;172;-113;1
194203;-658;177;-62;1
194204;-437;-60;209;1
194205;594;-305;-265;3
194206;269;-122;54;2
194207;351;-15;240;3
194208;180;-9;135;3
194209;261;63;235;3
194210;682;175;639;3
194211;15;-150;-421;3
194212;512;-251;58;3
194301;713;880;818;3
194302;615;475;640;3
194303;601;499;548;3
194304;81;205;582;3
194305;574;435;325;3
194306;182;-102;-70;3
194307;-477;-239;-229;3
194308;130;-60;-43;3
194309;240;129;143;3
194310;-115;58;164;3
194311;-591;-165;-402;3
194312;636;334;324;3
194401;174;255;216;3
194402;37;-10;84;3
194403;246;173;343;2
194404;-169;-137;-114;3
194405;507;168;104;3
194406;549;401;175;3
194407;-149;58;-42;3
194408;157;233;-149;3
194409;1;49;-116;2
194410;16;-15;-33;3
194411;171;36;238;3
194412;403;225;591;2
194501;201;246;67;3
194502;623;155;434;2
194503;-389;-160;-174;2
194504;780;32;324;3
194505;173;152;36;3
194506;39;312;421;2
194507;-217;-152;-262;3
194508;620;150;-427;3
194509;477;170;42;3
194510;389;238;213;3
194511;539;431;396;2
194512;120;210;-228;3
194601;624;391;248;3
194602;-583;-71;-146;3
194603;587;29;-54;3
194604;423;235;32;3
194605;393;146;128;3
194606;-389;-158;-39;3
194607;-269;-207;7;3
194608;-644;-184;55;3
194609;-1017;-440;-192;3
194610;-144;10;346;3
194611;-1;-44;147;3
194612;496;8;-136;3
194701;125;220;-73;3
194702;-108;68;15;3
194703;-167;-162;61;3
194704;-480;-396;85;3
194705;-97;-326;33;3
194706;529;-30;-59;3
194707;414;143;282;3
194708;-174;32;18;3
194709;-54;164;136;6
194710;247;51;7;6
194711;-197;-171;110;6
194712;300;-246;371;8
194801;-393;250;139;7
194802;-438;-172;7;7
194803;807;14;450;9
194804;365;-165;411;8
194805;730;91;-127;8
194806;-10;-182;281;9
194807;-509;-33;14;8
194808;25;-111;28;9
194809;-297;-123;-171;4
194810;596;-150;58;4
194811;-930;-60;-413;4
194812;326;-282;-194;4
194901;23;177;123;10
194902;-293;-190;-86;9
194903;404;250;129;10
194904;-187;-89;-113;9
194905;-294;-79;-237;10
194906;10;-91;-165;10
194907;554;55;37;9
194908;260;20;-55;9
194909;309;100;19;9
194910;314;104;-48;9
194911;182;-102;-96;8
194912;513;206;177;9
195001;170;333;12;9
195002;148;3;-79;9
195003;126;-144;-281;10
195004;394;194;130;9
195005;431;-210;46;10
195006;-594;-234;-70;10
195007;136;69;1356;10
195008;485;76;-150;10
195009;481;49;-107;10
195010;-18;-47;130;12
195011;276;-89;333;11
195012;554;147;736;11
195101;570;176;364;13
195102;141;8;-285;10
195103;-215;-77;-410;11
195104;486;-145;327;13
195105;-234;0;-137;12
195106;-262;-206;-375;12
195107;694;-199;206;13
195108;427;99;-13;13
195109;70;187;63;12
195110;-253;-22;23;16
195111;57;-32;-6;11
195112;333;-226;-159;12
195201;145;-61;155;15
195202;-262;82;-61;12
195203;444;-299;217;11
195204;-497;46;-10;12
195205;320;-100;4;13
195206;383;-164;124;15
195207;91;-40;-35;15
195208;-76;115;1;15
195209;-203;111;-152;16
195210;-66;-105;-46;14
195211;594;-72;97;10
195212;293;-148;19;16
195301;-34;361;132;16
195302;-27;215;-9;14
195303;-143;-22;-85;18
195304;-283;30;157;16
195305;52;-7;23;17
195306;-189;-187;-47;18
195307;240;-100;-22;15
195308;-452;29;-353;17
195309;20;-84;-244;16
195310;460;-135;-25;13
195311;283;-130;-15;8
195312;3;-85;-284;13
195401;513;48;344;11
195402;167;-19;-29;7
195403;365;-54;-150;8
195404;427;-344;-34;9
195405;309;41;245;5
195406;107;38;1;6
195407;499;106;413;5
195408;-234;269;-138;5
195409;639;-253;68;9
195410;-167;62;67;7
195411;938;-262;440;6
195412;548;212;566;8
195501;60;36;214;8
195502;302;159;58;9
195503;-16;-74;197;10
195504;311;-162;68;10
195505;93;-28;-96;14
195506;655;-465;184;10
195507;190;-117;35;10
195508;21;-44;72;16
195509;-36;35;-99;16
195510;-268;148;-15;18
195511;703;-222;33;17
195512;149;216;-230;18
195601;-303;37;95;22
195602;377;-98;-43;19
195603;664;-209;-46;15
195604;28;1;-24;19
195605;-520;145;-131;23
195606;348;-148;-113;20
195607;484;-166;-4;22
195608;-318;189;-74;17
195609;-514;157;176;18
195610;52;-10;-6;25
195611;36;-21;178;20
195612;316;-1;-215;24
195701;-358;337;281;27
195702;-206;-72;-72;24
195703;213;26;-48;23
195704;426;-159;-145;25
195705;345;-105;-210;26
195706;-74;54;1;24
195707;66;-76;43;30
195708;-511;5;-41;25
195709;-598;8;92;26
195710;-432;-252;-180;29
195711;230;40;-287;28
195712;-391;-98;-162;24
195801;466;439;419;28
195802;-152;65;33;12
195803;327;65;-97;9
195804;309;-62;161;8
195805;231;216;-26;11
195806;293;-19;40;3
195807;439;47;306;7
195808;191;118;36;4
195809;466;12;285;19
195810;253;109;-118;18
195811;301;197;-118;11
195812;515;-203;3;22
195901;71;302;291;21
195902;95;146;116;19
195903;28;149;-34;22
195904;366;-60;-123;20
195905;173;-216;179;22
195906;-25;67;131;25
195907;317;-30;23;25
195908;-139;-76;44;19
195909;-480;-9;55;31
195910;128;144;-210;30
195911;160;123;-321;26
195912;245;-58;-7;34
196001;-698;209;278;33
196002;117;51;-193;29
196003;-163;-49;-294;35
196004;-171;32;-228;19
196005;312;121;-370;27
196006;208;-21;-34;24
196007;-237;-51;198;13
196008;301;87;-18;17
196009;-599;-111;162;16
196010;-71;-408;283;22
196011;469;40;-243;13
196012;471;-155;-81;16
196101;620;64;372;19
196102;357;393;-66;14
196103;289;330;-73;20
196104;29;7;212;17
196105;240;201;37;18
196106;-308;-249;-14;20
196107;283;-190;-9;18
196108;257;-175;-28;14
196109;-215;-107;-61;17
196110;257;-165;15;19
196111;445;126;-123;15
196112;-18;-85;179;19
196201;-387;177;513;24
196202;181;-115;82;20
196203;-68;52;-138;20
196204;-659;-70;3;22
196205;-865;-334;277;24
196206;-847;-59;255;20
196207;628;152;-341;27
196208;213;122;-120;23
196209;-522;-242;128;21
196210;-5;-397;130;25
196211;1087;261;95;20
196212;101;-380;36;23
196301;493;308;221;25
196302;-238;48;218;23
196303;308;-259;206;23
196304;451;-134;100;25
196305;176;113;254;24
196306;-200;-27;75;23
196307;-39;-45;-97;27
196308;507;-98;180;25
196309;-157;-33;13;27
196310;253;-58;-10;29
196311;-85;-117;175;27
196312;183;-216;-2;29
196401;224;-11;148;30
196402;154;11;281;26
196403;141;87;340;31
196404;10;-135;-67;29
196405;142;-86;186;26
196406;127;-12;62;30
196407;174;24;75;30
196408;-144;16;8;28
196409;269;-54;170;28
196410;59;42;117;29
196411;0;69;-196;29
196412;3;-35;-248;31
196501;354;270;12;28
196502;44;355;11;30
196503;-134;189;103;36
196504;311;110;66;31
196505;-77;11;-161;31
196506;-551;-434;59;35
196507;143;89;220;31
196508;273;284;-100;33
196509;286;64;-13;31
196510;260;252;156;31
196511;-3;468;15;35
196512;101;206;203;33
196601;72;384;356;38
196602;-121;440;33;35
196603;-251;99;-198;38
196604;214;343;-46;34
196605;-566;-460;-163;41
196606;-144;103;50;38
196607;-163;-36;95;35
196608;-791;-327;43;41
196609;-106;-104;56;40
196610;386;-652;269;45
196611;140;424;-469;40
196612;13;197;-119;40
196701;815;832;227;43
196702;78;335;-222;36
196703;399;155;37;39
196704;389;63;-248;32
196705;-433;190;109;33
196706;241;593;85;27
196707;458;312;273;31
196708;-89;42;144;31
196709;311;306;-250;32
196710;-309;146;-330;39
196711;37;21;-170;36
196712;305;573;-53;33
196801;-406;392;480;40
196802;-375;-294;128;39
196803;20;-134;-59;38
196804;905;568;-113;43
196805;228;640;85;45
196806;69;-19;73;43
196807;-272;-136;539;48
196808;134;234;101;42
196809;403;280;30;43
196810;42;-48;286;44
196811;543;234;-92;42
196812;-394;337;-1;43
196901;-125;-74;167;53
196902;-584;-392;91;46
196903;264;-30;-51;46
196904;146;-86;-3;53
196905;-10;-21;70;48
196906;-718;-537;-108;51
196907;-700;-324;120;53
196908;468;93;-379;50
196909;-298;118;-327;62
196910;506;391;-316;60
196911;-379;-258;-119;52
196912;-263;-371;-286;64
197001;-810;293;313;60
197002;513;-258;393;62
197003;-106;-232;399;57
197004;-1100;-615;618;50
197005;-692;-459;333;53
197006;-579;-213;60;58
197007;693;-50;90;52
197008;449;152;115;53
197009;418;859;-547;54
197010;-228;-421;22;46
197011;460;-394;169;46
197012;572;292;100;42
197101;484;736;133;38
197102;141;186;-123;33
197103;413;262;-395;30
197104;315;-49;69;28
197105;-398;-104;-144;29
197106;-10;-147;-187;37
197107;-450;-148;2;40
197108;379;-17;263;47
197109;-85;51;-291;37
197110;-442;-176;-48;37
197111;-46;-277;-168;37
197112;871;329;-40;37
197201;249;585;224;29
197202;287;130;-279;25
197203;63;-24;-161;27
197204;29;11;12;29
197205;125;-269;-270;30
197206;-243;27;-248;29
197207;-80;-287;66;31
197208;326;-403;454;29
197209;-114;-265;46;34
197210;52;-273;134;40
197211;460;-120;485;37
197212;62;-195;-219;37
197301;-329;-349;268;44
197302;-485;-387;160;41
197303;-130;-282;262;46
197304;-568;-385;541;52
197305;-294;-630;41;51
197306;-157;-286;120;51
197307;505;797;-531;64
197308;-382;-213;124;70
197309;475;304;201;68
197310;-83;-45;194;65
197311;-1275;-767;387;56
197312;61;-535;385;64
197401;-17;968;602;63
197402;-47;-18;281;58
197403;-281;260;-32;56
197404;-529;-74;85;75
197405;-468;-296;-202;75
197406;-283;-17;77;60
197407;-805;84;516;70
197408;-935;-73;264;60
197409;-1177;27;558;81
197410;1610;-346;-987;51
197411;-451;-121;-20;54
197412;-345;-483;11;70
197501;1366;1114;828;58
197502;556;16;-444;43
197503;266;378;238;41
197504;423;-65;-114;44
197505;519;383;-410;44
197506;483;87;138;41
197507;-659;270;169;48
197508;-285;-325;-95;48
197509;-426;-10;39;53
197510;531;-403;28;56
197511;264;-120;203;41
197512;-160;-78;169;48
197601;1216;481;863;47
197602;32;706;587;34
197603;232;-116;-12;40
197604;-149;-11;-16;42
197605;-134;-123;-136;37
197606;405;-132;71;43
197607;-107;29;173;47
197608;-56;-200;81;42
197609;207;-2;-29;44
197610;-242;22;-18;41
197611;36;232;151;40
197612;565;303;227;40
197701;-405;476;427;36
197702;-194;104;47;35
197703;-137;100;109;38
197704;15;-12;338;38
197705;-145;118;85;37
197706;471;209;-74;40
197707;-169;216;-56;42
197708;-175;148;-270;44
197709;-27;134;-52;43
197710;-438;125;175;49
197711;400;373;26;50
197712;27;132;-29;49
197801;-601;224;336;49
197802;-138;359;83;46
197803;285;349;118;53
197804;788;45;-354;54
197805;176;456;-52;51
197806;-169;166;57;54
197807;511;23;-115;56
197808;375;506;-51;56
197809;-143;-43;189;62
197810;-1191;-986;138;68
197811;271;297;-215;70
197812;88;129;-213;78
197901;423;362;219;77
197902;-356;45;117;73
197903;568;326;-71;81
197904;-6;215;112;80
197905;-221;21;131;82
197906;385;117;144;81
197907;82;128;186;77
197908;553;205;-158;77
197909;-82;-27;-90;83
197910;-810;-337;-184;87
197911;521;287;-329;99
197912;179;417;-210;95
198001;551;162;175;80
198002;-122;-185;61;89
198003;-1290;-664;-101;121
198004;397;105;106;126
198005;526;213;38;81
198006;306;166;-76;61
198007;649;414;-641;53
198008;180;392;-260;64
198009;219;98;-459;75
198010;106;247;-276;95
198011;959;-336;-833;96
198012;-452;-26;279;131
198101;-504;292;672;104
198102;57;-34;102;107
198103;356;354;64;121
198104;-211;440;228;108
198105;11;200;-42;115
198106;-236;-83;513;135
198107;-154;-219;-50;124
198108;-704;-195;476;128
198109;-717;-265;517;124
198110;492;223;-421;121
198111;336;-103;183;107
198112;-365;120;81;87
198201;-324;-128;319;80
198202;-586;44;605;92
198203;-187;-21;381;98
198204;327;147;-270;113
198205;-399;52;175;106
198206;-309;-40;153;96
198207;-319;83;9;105
198208;1114;-414;95;76
198209;129;295;28;51
198210;1130;234;-366;59
198211;467;467;-187;63
198212;55;-22;-2;67
198301;360;273;-75;69
198302;259;327;70;62
198303;282;173;202;63
198304;667;50;49;71
198305;52;624;-140;69
198306;307;95;-390;67
198307;-407;150;562;74
198308;-50;-428;554;76
198309;91;61;101;76
198310;-344;-357;497;76
198311;216;201;-72;70
198312;-178;-27;173;73
198401;-192;-38;758;76
198402;-482;-169;333;71
198403;63;7;46;73
198404;-51;-116;120;81
198405;-597;6;31;78
198406;182;-30;-266;75
198407;-274;-221;36;82
198408;1028;-24;-182;83
198409;-80;17;528;86
198410;-84;-123;45;100
198411;-176;-65;406;73
198412;184;-56;-26;64
198501;799;331;-535;65
198502;122;79;-10;58
198503;-84;-108;407;62
198504;-96;14;372;72
198505;509;-222;-96;66
198506;127;52;38;55
198507;-74;284;-162;62
198508;-102;-30;232;55
198509;-454;-159;129;60
198510;402;-151;75;65
198511;648;25;-285;61
198512;388;-51;-154;65
198601;65;121;44;56
198602;713;-54;-72;53
198603;488;-59;-39;60
198604;-131;278;-287;52
198605;462;-135;-21;49
198606;103;-96;128;52
198607;-645;-336;470;52
198608;607;-417;351;46
198609;-860;236;322;45
198610;466;-250;-142;46
198611;117;-191;-7;39
198612;-327;13;36;49
198701;1247;-181;-316;42
198702;439;349;-591;43
198703;164;45;161;47
198704;-211;-169;-39;44
198705;11;-50;23;38
198706;394;-212;104;48
198707;385;-69;68;46
198708;352;-77;-93;47
198709;-259;54;27;45
198710;-2324;-843;424;60
198711;-777;272;295;35
198712;681;13;-443;39
198801;421;-72;501;29
198802;475;334;-171;46
198803;-227;615;73;44
198804;56;100;167;46
198805;-29;-260;242;51
198806;479;211;-124;49
198807;-125;-25;222;51
198808;-331;4;215;59
198809;330;-131;-75;62
198810;115;-293;205;61
198811;-229;-172;141;57
198812;149;195;-169;63
198901;610;-223;60;55
198902;-225;282;101;61
198903;157;67;58;67
198904;433;-68;-142;67
198905;335;-5;-88;79
198906;-135;-102;225;71
198907;720;-414;-279;70
198908;144;56;60;74
198909;-76;32;-127;65
198910;-367;-323;-111;68
198911;103;-124;-109;69
198912;116;-236;16;61
199001;-785;-124;85;57
199002;111;99;64;57
199003;183;150;-292;64
199004;-336;-46;-259;69
199005;842;-253;-383;68
199006;-109;140;-193;63
199007;-190;-312;-3;68
199008;-1015;-357;164;66
199009;-612;-365;64;60
199010;-192;-557;10;68
199011;635;43;-310;57
199012;246;81;-170;60
199101;469;381;-160;52
199102;719;395;-58;48
199103;265;393;-139;44
199104;-28;48;150;53
199105;365;-40;-52;47
199106;-494;13;115;42
199107;424;-92;-132;49
199108;232;158;-78;46
199109;-159;164;-108;46
199110;129;81;-47;42
199111;-419;-50;-189;39
199112;1084;-224;-417;38
199201;-59;846;471;34
199202;109;87;647;28
199203;-266;-104;356;34
199204;107;-606;434;32
199205;30;41;119;28
199206;-234;-307;324;32
199207;377;-47;-56;31
199208;-238;-13;-110;26
199209;119;54;-26;26
199210;102;209;-198;23
199211;413;376;-135;23
199212;153;169;262;28
199301;93;189;594;23
199302;12;-348;642;22
199303;230;24;118;25
199304;-305;-67;249;24
199305;289;204;-342;22
199306;31;-29;275;25
199307;-34;96;285;24
199308;371;13;13;25
199309;-12;304;-31;26
199310;141;203;-276;22
199311;-189;-125;-74;25
199312;165;123;32;23
199401;287;34;115;25
199402;-255;280;-154;21
199403;-478;-108;160;27
199404;68;-93;166;27
199405;58;-215;67;31
199406;-303;-41;167;31
199407;282;-181;58;28
199408;401;145;-251;37
199409;-231;314;-189;37
199410;134;-224;-162;38
199411;-404;25;-70;37
199412;86;22;-13;44
199501;180;-350;257;42
199502;363;-66;108;40
199503;219;-16;-215;46
199504;211;-49;171;44
199505;290;-255;229;54
199506;272;318;-254;47
199507;372;207;-162;45
199508;55;135;279;47
199509;335;-220;-4;43
199510;-152;-378;-50;47
199511;396;-109;51;42
199512;103;70;22;49
199601;226;-273;38;43
199602;133;179;-108;39
199603;73;149;35;39
199604;206;523;-402;46
199605;236;317;-83;42
199606;-114;-401;235;40
199607;-597;-431;514;45
199608;277;244;-74;41
199609;501;-98;-272;44
199610;86;-444;494;42
199611;625;-402;139;41
199612;-170;316;131;46
199701;499;-195;-142;45
199702;-49;-322;567;39
199703;-503;-36;339;43
199704;404;-577;7;43
199705;674;519;-413;49
199706;410;122;158;37
199707;733;-274;26;43
199708;-415;728;118;41
199709;535;253;37;44
199710;-380;-73;227;42
199711;298;-512;120;39
199712;132;-248;384;48
199801;15;-107;-163;43
199802;704;32;-85;39
199803;476;-114;139;39
199804;73;7;94;43
199805;-307;-338;344;40
199806;318;-321;-196;41
199807;-246;-491;-178;40
199808;-1608;-569;353;43
199809;615;9;-342;46
199810;713;-312;-223;32
199811;610;123;-325;31
199812;616;-50;-419;38
199901;350;75;-460;35
199902;-408;-608;192;35
199903;345;-380;-274;43
199904;433;391;246;37
199905;-246;334;235;34
199906;477;310;-319;40
199907;-349;260;-44;38
199908;-138;-94;-187;39
199909;-279;341;-349;39
199910;612;-664;-337;39
199911;337;721;-612;36
199912;772;703;-833;44
200001;-474;577;-188;41
200002;245;2136;-959;43
200003;520;-1720;813;47
200004;-640;-668;726;46
200005;-442;-605;475;50
200006;464;1284;-842;40
200007;-251;-307;831;48
200008;703;-61;-139;50
200009;-545;-182;717;51
200010;-276;-388;571;56
200011;-1072;-341;1230;51
200012;119;73;761;50
200101;313;668;-507;54
200102;-1005;-78;1247;38
200103;-726;25;642;42
200104;794;55;-467;39
200105;72;250;336;32
200106;-194;624;-112;28
200107;-213;-419;521;30
200108;-646;248;231;31
200109;-925;-623;145;28
200110;246;748;-765;22
200111;754;-47;221;17
200112;160;474;84;15
200201;-144;119;344;14
200202;-229;-101;216;13
200203;424;421;106;13
200204;-520;596;388;15
200205;-138;-321;153;14
200206;-721;429;-5;13
200207;-818;-528;-385;15
200208;50;-286;328;14
200209;-1035;241;145;14
200210;784;-342;-394;14
200211;596;319;-126;12
200212;-576;8;214;11
200301;-257;132;-81;10
200302;-188;-46;-137;9
200303;109;102;-194;10
200304;822;62;115;10
200305;605;467;39;9
200306;142;174;11;10
200307;235;506;-124;7
200308;234;259;153;7
200309;-124;79;17;8
200310;608;269;197;7
200311;135;208;178;7
200312;429;-267;160;8
200401;215;255;249;7
200402;140;-157;88;6
200403;-132;172;27;9
200404;-183;-170;-307;8
200405;117;-20;-25;6
200406;186;226;118;8
200407;-406;-382;324;10
200408;8;-148;97;11
200409;160;301;0;11
200410;143;15;-22;11
200411;454;374;141;15
200412;343;-3;-22;16
200501;-276;-172;206;16
200502;189;-57;154;16
200503;-197;-140;204;21
200504;-261;-394;7;21
200505;365;288;-64;24
200506;57;258;283;23
200507;392;291;-79;24
200508;-122;-97;132;30
200509;49;-65;71;29
200510;-202;-125;42;27
200511;361;100;-116;31
200512;-25;-42;20;32
200601;304;540;108;35
200602;-30;-38;-34;34
200603;146;344;60;37
200604;73;-142;234;36
200605;-357;-296;241;43
200606;-35;-39;85;40
200607;-78;-398;260;40
200608;203;103;-206;42
200609;184;-136;8;41
200610;323;175;-31;41
200611;171;70;14;42
200612;87;-115;273;40
200701;140;12;-68;44
200702;-196;119;-14;38
200703;68;16;-97;43
200704;349;-216;-145;44
200705;324;24;-65;41
200706;-196;75;-105;40
200707;-373;-261;-371;40
200708;92;-13;-186;42
200709;322;-223;-221;32
200710;180;8;-298;32
200711;-483;-293;-94;34
200712;-87;13;-55;27
200801;-636;-103;397;21
200802;-309;-43;-84;13
200803;-93;71;30;17
200804;460;-172;-94;18
200805;186;296;-143;18
200806;-844;123;-271;17
200807;-77;260;542;15
200808;153;360;159;13
200809;-924;-123;591;15
200810;-1723;-260;-230;8
200811;-786;-285;-631;3
200812;174;346;14;0
200901;-812;7;-1129;0
200902;-1010;5;-695;1
200903;895;3;347;2
200904;1018;539;536;1
200905;521;-252;28;0
200906;43;263;-273;1
200907;772;187;483;1
200908;333;-108;763;1
200909;408;243;104;1
200910;-259;-435;-421;0
200911;556;-240;-34;0
200912;275;605;-16;1
201001;-336;40;43;0
201002;340;119;322;0
201003;631;148;221;1
201004;200;487;289;1
201005;-789;9;-244;1
201006;-557;-181;-470;1
201007;693;20;-31;1
201008;-477;-300;-190;1
201009;954;396;-316;1
201010;388;113;-242;1
201011;60;376;-96;1
201012;682;73;369;1
201101;199;-250;82;1
201102;349;153;127;1
201103;46;254;-183;1
201104;290;-38;-243;0
201105;-127;-59;-212;0
201106;-175;-12;-42;0
201107;-235;-127;-89;0
201108;-599;-305;-236;1
201109;-759;-331;-173;0
201110;1135;328;11;0
201111;-28;-16;-45;0
201112;74;-59;163;0
201201;505;204;-97;0
201202;442;-185;43;0
201203;311;-64;114;0
201204;-85;-42;-78;0
201205;-619;7;-107;1
201206;389;67;62;0
201207;79;-275;-2;0
201208;255;47;130;1
201209;273;51;160;1
201210;-176;-115;359;1
201211;78;63;-84;1
201212;118;148;351;1
201301;557;34;96;0
201302;129;-27;11;0
201303;403;81;-19;0
201304;155;-237;45;0
201305;280;171;263;0
201306;-120;133;3;0
201307;565;187;57;0
201308;-271;27;-269;0
201309;377;287;-122;0
201310;418;-152;125;0
201311;313;129;32;0
201312;281;-47;-2;0
201401;-332;89;-207;0
201402;465;34;-31;0
201403;43;-181;493;0
201404;-19;-418;117;0
201405;206;-188;-13;0
201406;261;309;-70;0
201407;-204;-430;4;0
201408;424;40;-45;0
201409;-197;-370;-135;0
201410;252;420;-180;0
201411;255;-206;-310;0
201412;-6;249;227;0
201501;-311;-56;-359;0
201502;613;63;-186;0
201503;-112;304;-38;0
201504;59;-306;182;0
201505;136;94;-115;0
201506;-153;291;-79;0
201507;154;-417;-413;0
201508;-604;33;277;0
201509;-307;-262;56;0
201510;775;-189;-46;0
201511;57;359;-42;0
201512;-217;-285;-261;1
201601;-577;-342;209;1
201602;-7;74;-57;2
201603;696;82;119;2
201604;91;76;328;1
201605;178;-17;-166;1
201606;-5;61;-148;2
201607;395;249;-132;2
201608;49;116;318;2
201609;25;212;-124;2
201610;-202;-440;409;2
201611;486;571;821;1
201612;182;10;353;3
201701;194;-118;-275;4
201702;357;-205;-167;4
201703;17;114;-335;3
201704;109;73;-213;5
201705;106;-257;-378;6
201706;78;225;148;6
201707;187;-150;-31;7
201708;16;-167;-210;9
201709;251;447;312;9
201710;225;-194;19;9
201711;312;-54;-3;8
201712;106;-132;6;9
201801;557;-312;-128;12
201802;-365;26;-104;11
201803;-235;406;-20;11
201804;29;113;54;14
201805;265;526;-322;14
201806;48;114;-233;14
201807;319;-222;45;16
201808;344;115;-400;16
201809;6;-229;-171;15
201810;-768;-474;340;19
201811;169;-68;28;18
201812;-957;-237;-188;20
201901;840;288;-45;21
201902;340;206;-271;18
201903;110;-305;-412;19
201904;397;-172;216;21
201905;-694;-131;-237;21
201906;693;28;-70;18
201907;119;-193;47;19
201908;-258;-239;-479;16
201909;143;-97;677;18
201910;206;29;-190;16
201911;388;78;-199;12
201912;277;73;178;14
202001;-11;-313;-625;13
202002;-813;107;-380;12
202003;-1339;-479;-1388;13
202004;1365;245;-134;0
202005;558;249;-485;1
202006;246;269;-223;1
202007;577;-230;-144;1
202008;763;-28;-288;1
202009;-363;-3;-265;1
202010;-210;427;431;1
202011;1247;572;215;1
202012;463;479;-134;1
202101;-3;750;285;1
202102;278;207;710;0
202103;308;-228;727;0
202104;493;-320;-95;0
202105;29;-27;713;0
202106;275;160;-775;0
202107;127;-394;-181;0
202108;291;-46;-10;0
202109;-437;67;510;0
202110;665;-237;-45;0
202111;-155;-132;-41;0
202112;310;-164;322;1
202201;-625;-596;1280;0
202202;-229;219;310;0
202203;306;-166;-176;1
202204;-946;-138;617;1
202205;-34;-196;859;3
202206;-844;218;-610;6
202207;957;280;-403;8
202208;-377;140;29;19
202209;-935;-82;2;19
202210;783;7;806;23
202211;461;-351;141;29
202212;-641;-69;134;33
202301;664;501;-400;35
202302;-259;117;-83;34
202303;251;-551;-887;36
202304;61;-336;-5;35
202305;35;160;-774;36
202306;647;155;-20;40
202307;321;205;411;45
202308;-239;-320;-108;45
202309;-524;-249;145;43
202310;-318;-388;19;47
202311;883;-3;166;44
202312;487;636;492;43
202401;70;-502;-247;47
202402;507;-22;-352;42
202403;283;-251;422;43
202404;-467;-239;-52;47
202405;434;78;-167;44
202406;277;-306;-331;41
202407;124;680;574;45
202408;161;-355;-113;48
202409;174;-17;-259;40
202410;-97;-100;89;39
